order_id,product_id,quantity,unit_price
1001,30,3,2299
1002,54,3,1499
1003,53,1,2499
1004,32,3,2099
1005,15,1,9999
1005,5,2,2499
1005,52,2,1349
1006,44,1,1899
1006,26,3,2399
1006,21,3,2299
1007,9,1,1999
1007,21,1,2299
1007,54,3,1499
1008,22,1,3499
1009,18,1,1999
1010,11,2,4499
1010,45,3,1999
1011,29,1,2299
1012,3,3,5999
1012,9,3,1999
1012,7,2,2699
1013,2,2,8999
1014,1,1,7499
1015,60,1,1649
1016,42,2,2299
1016,38,2,1999
1016,57,3,1299
1017,45,1,1999
1017,9,1,1999
1018,18,2,1999
1018,34,1,2199
1018,29,1,2299
1019,45,1,1999
1019,3,3,5999
1019,39,2,2099
1020,6,2,1999
1020,41,2,1699
1020,53,2,2499
1021,36,1,1999
1022,8,3,3299
1023,40,2,1999
1024,33,3,1999
1024,15,3,9999
1024,30,1,2299
1025,4,1,3999
1025,13,1,3599
1026,55,2,1799
1026,59,1,1899
1026,31,1,2599
1027,60,3,1649
1027,3,2,5999
1027,4,2,3999
1028,28,2,2199
1029,40,2,1999
1029,52,1,1349
1030,48,1,1449
1031,12,1,2799
1031,11,2,4499
1031,51,3,2799
1032,5,1,2499
1033,29,2,2299
1033,38,1,1999
1033,21,3,2299
1034,58,1,1749
1034,21,2,2299
1034,15,1,9999
1035,16,3,2599
1036,56,2,1549
1036,13,1,3599
1037,31,3,2599
1038,4,2,3999
1038,57,1,1299
1039,60,3,1649
1040,12,2,2799
1040,25,1,1999
1041,47,3,1799
1041,13,2,3599
1042,13,1,3599
1042,22,1,3499
1043,37,1,2899
1043,4,1,3999
1043,18,2,1999
1044,27,2,2799
1044,11,1,4499
1045,39,3,2099
1045,11,3,4499
1046,37,3,2899
1047,6,2,1999
1048,32,3,2099
1048,56,2,1549
1048,14,2,2099
1049,1,2,7499
1049,47,3,1799
1050,16,2,2599
1051,38,3,1999
1051,15,1,9999
1052,58,1,1749
1052,1,1,7499
1052,27,2,2799
1053,50,2,2199
1053,33,3,1999
1053,3,2,5999
1054,52,1,1349
1054,45,2,1999
1055,16,3,2599
1055,6,1,1999
1056,47,1,1799
1056,27,2,2799
1056,14,2,2099
1057,42,1,2299
1058,31,3,2599
1059,11,2,4499
1059,46,3,3999
1060,38,2,1999
1060,2,1,8999
1060,30,3,2299
1061,12,2,2799
1061,51,3,2799
1062,46,1,3999
1062,41,3,1699
1063,25,3,1999
1064,34,2,2199
1064,3,2,5999
1065,45,3,1999
1065,40,3,1999
1066,51,3,2799
1067,40,2,1999
1068,60,3,1649
1068,4,2,3999
1068,33,1,1999
1069,25,2,1999
1070,40,2,1999
1070,3,2,5999
1071,42,3,2299
1072,5,1,2499
1072,36,1,1999
1072,46,2,3999
1073,35,1,2699
1074,31,3,2599
1074,48,3,1449
1074,49,1,1749
1075,49,2,1749
1075,15,2,9999
1075,21,3,2299
1076,28,1,2199
1076,18,2,1999
1076,4,2,3999
1077,32,3,2099
1077,33,1,1999
1078,46,3,3999
1078,35,3,2699
1079,29,2,2299
1079,40,3,1999
1080,52,1,1349
1080,57,2,1299
1080,5,1,2499
1081,26,1,2399
1082,5,1,2499
1082,7,2,2699
1083,45,1,1999
1084,10,1,2299
1084,56,3,1549
1085,2,3,8999
1085,19,3,2199
1085,27,1,2799
1086,23,2,1999
1086,27,3,2799
1087,2,1,8999
1087,19,1,2199
1087,13,1,3599
1088,42,3,2299
1088,22,2,3499
1088,27,3,2799
1089,51,3,2799
1089,21,3,2299
1089,32,3,2099
1090,54,2,1499
1090,36,2,1999
1090,29,3,2299
1091,58,2,1749
1092,51,2,2799
1093,31,2,2599
1094,50,1,2199
1094,55,1,1799
1095,19,1,2199
1095,30,3,2299
1096,46,3,3999
1097,12,3,2799
1097,54,3,1499
1098,51,1,2799
1098,10,1,2299
1098,11,1,4499
1099,37,2,2899
1099,9,2,1999
1100,12,3,2799
1100,14,3,2099
1101,43,2,1999
1102,10,2,2299
1102,24,3,2999
1103,35,2,2699
1104,59,1,1899
1105,60,1,1649
1105,32,2,2099
1106,10,3,2299
1106,1,3,7499
1107,22,2,3499
1107,42,2,2299
1107,46,2,3999
1108,43,3,1999
1108,10,3,2299
1108,52,2,1349
1109,45,3,1999
1109,8,2,3299
1110,9,3,1999
1111,8,2,3299
1111,20,3,2199
1111,2,1,8999
1112,23,2,1999
1112,6,1,1999
1113,42,3,2299
1113,13,1,3599
1113,38,2,1999
1114,2,1,8999
1115,55,3,1799
1115,29,1,2299
1115,44,3,1899
1116,13,2,3599
1116,32,3,2099
1117,33,3,1999
1117,4,2,3999
1117,59,2,1899
1118,46,2,3999
1119,25,1,1999
1119,24,2,2999
1120,23,2,1999
1120,20,3,2199
1121,14,3,2099
1122,48,2,1449
1122,27,2,2799
1123,52,3,1349
1124,47,2,1799
1124,58,1,1749
1125,39,1,2099
1125,6,2,1999
1125,10,2,2299
1126,22,3,3499
1126,5,2,2499
1126,60,1,1649
1127,27,3,2799
1128,27,3,2799
1128,12,2,2799
1129,37,1,2899
1129,49,1,1749
1129,59,1,1899
1130,19,2,2199
1130,36,1,1999
1131,54,2,1499
1131,38,2,1999
1132,48,1,1449
1132,30,1,2299
1132,15,1,9999
1133,20,3,2199
1133,41,2,1699
1134,42,3,2299
1135,27,2,2799
1135,12,3,2799
1136,16,2,2599
1136,2,2,8999
1136,8,1,3299
1137,48,2,1449
1137,24,3,2999
1137,38,2,1999
1138,41,2,1699
1138,44,3,1899
1139,24,3,2999
1140,37,2,2899
1140,2,1,8999
1140,55,3,1799
1141,10,2,2299
1142,57,1,1299
1142,45,2,1999
1143,4,2,3999
1144,27,2,2799
1144,41,1,1699
1145,19,3,2199
1145,34,1,2199
1146,13,1,3599
1146,50,1,2199
1146,41,3,1699
1147,35,2,2699
1148,53,3,2499
1148,55,2,1799
1149,44,3,1899
1149,45,2,1999
1150,35,3,2699
1151,53,1,2499
1151,10,1,2299
1152,19,2,2199
1152,24,2,2999
1152,50,2,2199
1153,7,1,2699
1154,33,1,1999
1155,51,3,2799
1156,45,3,1999
1156,54,3,1499
1156,34,3,2199
1157,49,2,1749
1157,52,2,1349
1157,8,1,3299
1158,53,1,2499
1159,31,2,2599
1160,45,1,1999
1160,24,2,2999
1161,34,1,2199
1161,49,3,1749
1161,22,2,3499
1162,48,1,1449
1163,9,3,1999
1164,45,1,1999
1165,9,1,1999
1165,14,1,2099
1166,45,1,1999
1166,49,1,1749
1167,50,2,2199
1168,3,1,5999
1168,13,1,3599
1169,33,2,1999
1169,38,1,1999
1169,4,2,3999
1170,5,2,2499
1171,1,1,7499
1171,49,3,1749
1171,7,1,2699
1172,58,3,1749
1172,13,2,3599
1172,12,1,2799
1173,10,3,2299
1174,38,2,1999
1174,23,1,1999
1175,50,1,2199
1175,47,3,1799
1175,40,3,1999
1176,7,3,2699
1177,34,1,2199
1178,13,3,3599
1178,19,1,2199
1178,11,3,4499
1179,60,1,1649
1180,55,2,1799
1180,46,3,3999
1180,31,3,2599
1181,29,3,2299
1182,12,2,2799
1183,28,3,2199
1183,14,1,2099
1184,8,2,3299
1184,49,1,1749
1185,8,1,3299
1185,34,2,2199
1186,46,3,3999
1186,19,3,2199
1187,6,2,1999
1188,8,2,3299
1188,25,2,1999
1189,48,2,1449
1189,20,1,2199
1189,44,3,1899
1190,19,2,2199
1190,55,1,1799
1191,58,2,1749
1192,24,3,2999
1192,12,2,2799
1192,1,3,7499
1193,26,2,2399
1194,43,1,1999
1194,44,1,1899
1194,6,2,1999
1195,45,1,1999
1195,38,3,1999
1196,5,2,2499
1197,22,1,3499
1198,55,1,1799
1198,26,2,2399
1198,8,3,3299
1199,18,3,1999
1199,49,3,1749
1200,18,3,1999
1200,49,2,1749
1200,51,2,2799
1201,43,2,1999
1201,39,2,2099
1202,18,2,1999
1202,10,1,2299
1202,50,1,2199
1203,32,3,2099
1203,15,1,9999
1204,7,3,2699
1205,54,1,1499
1206,44,1,1899
1206,2,2,8999
1207,44,2,1899
1207,21,3,2299
1207,10,3,2299
1208,49,1,1749
1209,49,2,1749
1209,34,2,2199
1209,50,1,2199
1210,43,2,1999
1210,32,3,2099
1211,35,3,2699
1211,22,3,3499
1212,49,1,1749
1213,57,1,1299
1213,59,2,1899
1214,21,2,2299
1214,55,2,1799
1215,3,3,5999
1215,12,3,2799
1216,57,1,1299
1216,46,2,3999
1217,9,3,1999
1217,20,2,2199
1218,49,3,1749
1218,8,3,3299
1219,43,3,1999
1219,36,3,1999
1220,31,1,2599
1220,36,3,1999
1220,55,1,1799
1221,17,3,5299
1221,32,2,2099
1222,44,2,1899
1222,23,2,1999
1222,50,1,2199
1223,38,1,1999
1224,54,2,1499
1225,52,3,1349
1225,48,1,1449
1226,22,2,3499
1226,25,2,1999
1226,7,2,2699
1227,23,3,1999
1227,4,1,3999
1228,16,3,2599
1229,38,3,1999
1229,6,1,1999
1230,8,1,3299
1230,22,1,3499
1231,21,3,2299
1231,3,2,5999
1231,30,3,2299
1232,58,1,1749
1232,27,3,2799
1232,18,2,1999
1233,2,3,8999
1233,21,2,2299
1233,25,2,1999
1234,7,1,2699
1234,52,3,1349
1234,32,3,2099
1235,22,2,3499
1236,52,2,1349
1236,49,1,1749
1236,43,3,1999
1237,24,1,2999
1237,28,2,2199
1238,55,3,1799
1238,51,1,2799
1238,5,2,2499
1239,4,3,3999
1239,20,2,2199
1240,40,3,1999
1241,46,3,3999
1242,38,2,1999
1243,5,3,2499
1243,37,2,2899
1244,14,1,2099
1244,23,3,1999
1245,33,2,1999
1245,52,2,1349
1246,35,2,2699
1246,21,2,2299
1246,13,2,3599
1247,33,3,1999
1247,30,1,2299
1247,43,1,1999
1248,46,1,3999
1248,34,3,2199
1248,56,2,1549
1249,43,3,1999
1250,18,3,1999
1250,60,3,1649
1251,55,2,1799
1251,50,3,2199
1251,59,3,1899
1252,4,2,3999
1252,34,2,2199
1252,13,1,3599
1253,10,3,2299
1254,49,2,1749
1254,20,2,2199
1254,55,2,1799
1255,41,1,1699
1256,18,2,1999
1256,53,3,2499
1257,17,3,5299
1258,16,1,2599
1258,26,1,2399
1258,8,1,3299
1259,52,2,1349
1260,32,2,2099
1260,36,2,1999
1261,58,1,1749
1261,3,2,5999
1261,13,1,3599
1262,17,2,5299
1263,36,1,1999
1263,12,3,2799
1263,42,2,2299
1264,4,1,3999
1265,39,1,2099
1265,20,2,2199
1266,43,1,1999
1266,57,2,1299
1267,54,1,1499
1267,9,3,1999
1267,16,3,2599
1268,60,3,1649
1268,8,3,3299
1268,34,3,2199
1269,32,1,2099
1269,57,1,1299
1270,8,2,3299
1270,50,2,2199
1270,52,3,1349
1271,25,3,1999
1271,52,1,1349
1271,48,2,1449
1272,10,1,2299
1273,14,2,2099
1274,27,3,2799
1274,17,1,5299
1275,35,3,2699
1275,24,1,2999
1276,35,2,2699
1276,28,3,2199
1277,18,1,1999
1278,31,2,2599
1278,46,2,3999
1279,42,3,2299
1280,54,3,1499
1281,52,3,1349
1281,4,1,3999
1281,45,2,1999
1282,25,3,1999
1282,20,2,2199
1282,41,3,1699
1283,35,1,2699
1284,25,2,1999
1284,1,2,7499
1285,6,1,1999
1285,60,2,1649
1286,56,1,1549
1287,41,3,1699
1287,21,2,2299
1288,18,1,1999
1289,31,2,2599
1289,48,2,1449
1290,28,1,2199
1290,57,1,1299
1290,59,3,1899
1291,33,2,1999
1291,5,2,2499
1292,47,3,1799
1292,53,2,2499
1292,36,2,1999
1293,2,3,8999
1293,49,3,1749
1293,4,1,3999
1294,29,1,2299
1294,51,1,2799
1294,42,2,2299
1295,41,2,1699
1296,37,1,2899
1296,6,1,1999
1297,34,3,2199
1298,49,3,1749
1298,9,3,1999
1298,55,2,1799
1299,29,3,2299
1299,31,1,2599
1300,12,3,2799
1300,44,2,1899
1301,13,2,3599
1301,6,2,1999
1302,26,2,2399
1303,15,3,9999
1303,2,3,8999
1303,60,3,1649
1304,15,2,9999
1304,59,1,1899
1304,6,2,1999
1305,55,2,1799
1305,11,3,4499
1305,4,2,3999
1306,17,2,5299
1306,10,1,2299
1306,6,3,1999
1307,1,3,7499
1308,28,2,2199
1308,50,3,2199
1308,59,2,1899
1309,15,3,9999
1310,13,2,3599
1311,48,2,1449
1311,32,1,2099
1312,55,3,1799
1312,14,1,2099
1313,47,1,1799
1313,44,2,1899
1314,27,1,2799
1315,19,2,2199
1316,40,2,1999
1317,24,3,2999
1318,42,1,2299
1318,30,2,2299
1318,6,1,1999
1319,45,3,1999
1319,26,1,2399
1320,25,3,1999
1320,46,3,3999
1320,28,2,2199
1321,7,3,2699
1322,4,2,3999
1323,31,2,2599
1324,43,3,1999
1324,52,3,1349
1324,39,1,2099
1325,17,3,5299
1326,25,3,1999
1326,20,2,2199
1326,26,1,2399
1327,3,2,5999
1327,38,1,1999
1327,12,3,2799
1328,60,2,1649
1328,22,1,3499
1329,21,3,2299
1330,28,1,2199
1330,10,2,2299
1330,17,1,5299
1331,32,2,2099
1332,24,2,2999
1332,60,2,1649
1332,28,3,2199
1333,34,2,2199
1333,21,1,2299
1334,48,1,1449
1334,32,3,2099
1335,41,1,1699
1335,52,1,1349
1335,29,1,2299
1336,15,1,9999
1337,31,2,2599
1338,46,2,3999
1339,8,2,3299
1339,58,1,1749
1340,23,3,1999
1340,46,2,3999
1341,32,3,2099
1341,8,1,3299
1342,23,1,1999
1343,56,2,1549
1344,54,1,1499
1345,33,3,1999
1345,53,3,2499
1345,18,3,1999
1346,38,1,1999
1347,50,2,2199
1347,37,1,2899
1347,12,1,2799
1348,44,2,1899
1348,7,1,2699
1349,44,2,1899
1349,8,2,3299
1350,60,2,1649
1350,7,1,2699
1350,54,1,1499
1351,30,3,2299
1352,31,2,2599
1352,30,3,2299
1352,41,3,1699
1353,22,1,3499
1354,40,3,1999
1354,29,3,2299
1354,21,3,2299
1355,14,1,2099
1356,19,1,2199
1356,21,3,2299
1356,52,1,1349
1357,39,2,2099
1357,25,2,1999
1357,6,1,1999
1358,50,2,2199
1359,2,1,8999
1360,25,2,1999
1361,42,3,2299
1361,49,1,1749
1362,20,2,2199
1363,48,2,1449
1363,52,3,1349
1364,9,1,1999
1364,23,2,1999
1364,43,3,1999
1365,32,2,2099
1366,31,3,2599
1366,18,3,1999
1367,6,2,1999
1367,49,2,1749
1368,12,2,2799
1368,28,1,2199
1368,41,1,1699
1369,22,1,3499
1369,30,3,2299
1369,44,3,1899
1370,10,3,2299
1370,60,3,1649
1370,32,3,2099
1371,6,2,1999
1371,19,1,2199
1371,30,2,2299
1372,10,3,2299
1372,9,2,1999
1373,34,2,2199
1374,37,3,2899
1374,4,1,3999
1375,33,1,1999
1376,28,2,2199
1376,27,3,2799
1376,7,3,2699
1377,53,2,2499
1377,17,3,5299
1377,23,1,1999
1378,2,3,8999
1378,8,2,3299
1378,48,1,1449
1379,54,2,1499
1380,6,2,1999
1381,20,3,2199
1381,21,2,2299
1381,38,3,1999
1382,40,2,1999
1382,52,2,1349
1383,14,1,2099
1384,48,3,1449
1385,56,1,1549
1385,44,2,1899
1386,2,1,8999
1386,1,1,7499
1386,26,1,2399
1387,31,2,2599
1387,30,3,2299
1387,45,3,1999
1388,47,3,1799
1388,32,3,2099
1388,20,2,2199
1389,44,2,1899
1389,45,1,1999
1389,26,1,2399
1390,1,1,7499
1391,53,1,2499
1392,13,1,3599
1392,55,2,1799
1392,2,3,8999
1393,42,1,2299
1394,54,3,1499
1394,41,1,1699
1395,20,2,2199
1396,31,2,2599
1397,8,1,3299
1398,48,3,1449
1399,32,1,2099
1399,31,2,2599
1400,16,3,2599
1400,13,2,3599
1400,19,1,2199
1401,1,3,7499
1401,7,3,2699
1402,27,2,2799
1402,55,3,1799
1403,39,2,2099
1403,47,1,1799
1403,36,2,1999
1404,32,3,2099
1404,33,3,1999
1405,60,2,1649
1405,44,1,1899
1405,58,3,1749
1406,34,1,2199
1407,37,3,2899
1407,21,1,2299
1408,58,2,1749
1408,42,2,2299
1409,32,3,2099
1410,23,2,1999
1410,29,1,2299
1410,45,1,1999
1411,47,2,1799
1411,13,2,3599
1412,15,1,9999
1412,33,3,1999
1413,22,3,3499
1413,59,3,1899
1413,39,2,2099
1414,57,2,1299
1415,46,3,3999
1415,25,3,1999
1415,27,3,2799
1416,51,1,2799
1416,31,3,2599
1417,19,3,2199
1418,6,1,1999
1418,43,1,1999
1418,31,1,2599
1419,39,2,2099
1420,51,2,2799
1421,20,1,2199
1421,16,3,2599
1422,2,2,8999
1423,23,1,1999
1423,44,1,1899
1424,3,2,5999
1424,52,2,1349
1424,5,1,2499
1425,15,1,9999
1425,8,2,3299
1425,36,2,1999
1426,51,1,2799
1426,23,3,1999
1427,58,3,1749
1427,10,3,2299
1428,43,1,1999
1428,7,2,2699
1428,46,2,3999
1429,7,3,2699
1430,51,3,2799
1430,55,1,1799
1430,7,3,2699
1431,11,3,4499
1432,56,1,1549
1433,11,2,4499
1433,47,3,1799
1434,49,2,1749
1434,33,3,1999
1435,10,3,2299
1436,22,1,3499
1436,53,1,2499
1437,29,2,2299
1438,16,2,2599
1439,19,1,2199
1439,33,1,1999
1440,24,2,2999
1440,46,2,3999
1441,43,3,1999
1441,16,2,2599
1441,10,1,2299
1442,52,2,1349
1443,59,2,1899
1443,27,3,2799
1444,24,1,2999
1444,2,1,8999
1444,29,3,2299
1445,5,2,2499
1445,6,2,1999
1445,22,1,3499
1446,4,1,3999
1446,26,3,2399
1447,10,1,2299
1447,58,3,1749
1447,37,3,2899
1448,57,2,1299
1448,34,2,2199
1448,19,3,2199
1449,36,3,1999
1449,56,3,1549
1449,20,2,2199
1450,1,2,7499
1450,53,3,2499
1451,59,2,1899
1451,10,2,2299
1451,45,3,1999
1452,57,3,1299
1453,51,2,2799
1453,40,3,1999
1453,42,2,2299
1454,26,2,2399
1454,50,1,2199
1454,13,1,3599
1455,22,3,3499
1455,25,3,1999
1455,47,1,1799
1456,35,1,2699
1456,19,3,2199
1456,14,3,2099
1457,34,3,2199
1457,22,1,3499
1458,2,3,8999
1459,17,2,5299
1459,16,3,2599
1459,54,2,1499
1460,8,2,3299
1460,47,2,1799
1460,4,3,3999
1461,23,3,1999
1461,8,1,3299
1461,4,2,3999
1462,37,1,2899
1462,48,2,1449
1463,16,3,2599
1463,52,3,1349
1464,46,3,3999
1464,58,3,1749
1464,41,3,1699
1465,23,2,1999
1466,43,3,1999
1466,51,3,2799
1467,9,3,1999
1467,46,3,3999
1467,25,1,1999
1468,21,3,2299
1469,13,2,3599
1469,53,2,2499
1469,50,1,2199
1470,46,2,3999
1471,6,2,1999
1471,4,1,3999
1472,14,1,2099
1472,29,2,2299
1473,34,3,2199
1473,26,3,2399
1473,38,2,1999
1474,38,3,1999
1474,32,2,2099
1475,45,2,1999
1475,60,3,1649
1476,53,1,2499
1476,11,3,4499
1477,32,3,2099
1478,9,3,1999
1478,46,3,3999
1479,45,1,1999
1480,31,3,2599
1480,3,1,5999
1481,24,3,2999
1481,59,2,1899
1481,8,1,3299
1482,24,3,2999
1483,3,1,5999
1483,34,1,2199
1484,20,2,2199
1484,24,2,2999
1485,2,1,8999
1485,51,1,2799
1486,27,2,2799
1486,4,2,3999
1486,60,1,1649
1487,53,3,2499
1488,1,3,7499
1488,8,2,3299
1489,56,1,1549
1490,31,2,2599
1490,37,3,2899
1491,58,2,1749
1491,22,2,3499
1492,54,1,1499
1492,39,3,2099
1492,9,3,1999
1493,49,3,1749
1493,29,2,2299
1494,56,3,1549
1495,6,3,1999
1495,52,3,1349
1496,27,2,2799
1496,25,2,1999
1496,15,3,9999
1497,43,2,1999
1498,18,1,1999
1498,42,3,2299
1498,6,1,1999
1499,41,3,1699
1499,51,2,2799
1499,50,3,2199
1500,8,1,3299
1500,42,1,2299
1500,36,3,1999
1501,37,3,2899
1501,49,3,1749
1501,4,1,3999
1502,33,1,1999
1502,58,1,1749
1503,60,1,1649
1503,35,2,2699
1503,12,1,2799
1504,54,3,1499
1505,29,3,2299
1505,6,3,1999
1505,52,2,1349
1506,38,2,1999
1506,3,1,5999
1507,28,2,2199
1507,12,1,2799
1508,21,1,2299
1508,25,1,1999
1508,17,1,5299
1509,11,1,4499
1509,19,2,2199
1509,10,1,2299
1510,20,2,2199
1511,11,2,4499
1511,4,1,3999
1511,40,1,1999
1512,4,1,3999
1512,20,2,2199
1512,25,1,1999
1513,58,2,1749
1513,21,2,2299
1514,4,1,3999
1515,49,3,1749
1516,16,3,2599
1516,32,2,2099
1516,33,1,1999
1517,4,2,3999
1517,21,3,2299
1518,5,1,2499
1518,31,2,2599
1519,15,1,9999
1519,59,2,1899
1519,57,3,1299
1520,44,3,1899
1520,7,3,2699
1520,16,1,2599
1521,37,2,2899
1521,27,1,2799
1522,33,1,1999
1522,14,2,2099
1522,51,3,2799
1523,51,1,2799
1524,28,2,2199
1524,59,1,1899
1524,36,1,1999
1525,54,2,1499
1525,40,3,1999
1526,1,1,7499
1527,18,2,1999
1527,39,3,2099
1528,23,3,1999
1528,54,1,1499
1529,54,1,1499
1529,33,1,1999
1529,19,3,2199
1530,37,1,2899
1530,5,2,2499
1530,20,3,2199
1531,54,1,1499
1532,36,2,1999
1532,18,1,1999
1532,57,3,1299
1533,52,3,1349
1533,21,2,2299
1533,57,3,1299
1534,49,2,1749
1534,46,2,3999
1535,43,2,1999
1536,14,3,2099
1536,30,2,2299
1537,59,3,1899
1538,42,1,2299
1539,31,1,2599
1539,1,3,7499
1539,58,1,1749
1540,36,3,1999
1540,58,3,1749
1541,49,3,1749
1541,26,1,2399
1542,42,1,2299
1542,5,3,2499
1542,35,2,2699
1543,8,2,3299
1543,23,3,1999
1543,53,2,2499
1544,12,3,2799
1544,54,1,1499
1545,30,2,2299
1546,29,1,2299
1547,48,1,1449
1548,44,3,1899
1548,59,2,1899
1549,6,3,1999
1550,20,1,2199
1550,52,1,1349
1550,46,2,3999
1551,3,2,5999
1551,18,3,1999
1552,39,1,2099
1552,14,3,2099
1552,1,2,7499
1553,56,2,1549
1554,33,3,1999
1554,32,1,2099
1554,11,3,4499
1555,37,3,2899
1555,44,1,1899
1555,39,1,2099
1556,9,1,1999
1556,48,2,1449
1556,5,3,2499
1557,57,3,1299
1558,51,3,2799
1558,18,1,1999
1558,13,3,3599
1559,35,3,2699
1559,40,3,1999
1559,17,2,5299
1560,28,3,2199
1561,42,2,2299
1561,4,2,3999
1561,55,2,1799
1562,8,3,3299
1562,44,2,1899
1563,24,1,2999
1563,34,3,2199
1564,4,2,3999
1565,35,2,2699
1565,29,1,2299
1566,13,1,3599
1566,22,3,3499
1567,48,1,1449
1568,28,1,2199
1568,5,1,2499
1568,59,1,1899
1569,20,3,2199
1569,5,3,2499
1570,2,2,8999
1571,52,3,1349
1571,2,3,8999
1572,54,1,1499
1572,17,1,5299
1573,16,1,2599
1573,22,2,3499
1574,51,3,2799
1574,16,3,2599
1574,5,2,2499
1575,41,2,1699
1576,8,1,3299
1576,6,2,1999
1576,4,2,3999
1577,5,1,2499
1577,51,2,2799
1577,9,1,1999
1578,40,2,1999
1578,41,1,1699
1579,44,1,1899
1580,4,2,3999
1580,19,2,2199
1580,55,1,1799
1581,49,3,1749
1581,27,3,2799
1581,15,3,9999
1582,30,2,2299
1583,51,3,2799
1583,28,3,2199
1584,22,3,3499
1585,51,3,2799
1585,2,2,8999
1585,30,3,2299
1586,7,1,2699
1587,39,3,2099
1588,38,1,1999
1589,9,2,1999
1589,41,2,1699
1589,33,2,1999
1590,47,2,1799
1590,40,1,1999
1591,9,1,1999
1592,9,2,1999
1593,28,2,2199
1593,33,2,1999
1593,42,3,2299
1594,50,2,2199
1594,10,3,2299
1594,31,2,2599
1595,24,3,2999
1595,1,3,7499
1596,44,1,1899
1596,10,3,2299
1596,4,3,3999
1597,28,2,2199
1598,13,3,3599
1599,51,1,2799
1600,13,2,3599
1600,43,3,1999
1601,30,2,2299
1601,39,3,2099
1601,45,3,1999
1602,40,2,1999
1602,20,2,2199
1603,7,2,2699
1604,32,1,2099
1605,41,1,1699
1606,15,1,9999
1606,30,1,2299
1606,40,2,1999
1607,50,3,2199
1607,53,2,2499
1607,22,1,3499
1608,12,1,2799
1608,53,2,2499
1609,5,2,2499
1610,36,1,1999
1611,19,2,2199
1612,41,3,1699
1613,3,1,5999
1613,2,1,8999
1614,12,2,2799
1614,15,3,9999
1615,22,3,3499
1616,12,1,2799
1617,12,2,2799
1618,2,3,8999
1619,25,3,1999
1620,22,1,3499
1621,30,2,2299
1621,16,2,2599
1622,11,3,4499
1622,34,2,2199
1622,52,3,1349
1623,8,1,3299
1624,51,1,2799
1625,35,2,2699
1626,24,2,2999
1626,21,3,2299
1626,39,1,2099
1627,49,3,1749
1628,13,2,3599
1628,55,1,1799
1628,35,2,2699
1629,4,3,3999
1630,56,3,1549
1630,9,3,1999
1631,14,1,2099
1631,47,2,1799
1632,40,3,1999
1632,5,2,2499
1632,11,3,4499
1633,24,2,2999
1633,32,1,2099
1633,34,2,2199
1634,24,2,2999
1634,34,3,2199
1634,45,2,1999
1635,18,2,1999
1635,38,3,1999
1636,42,1,2299
1636,3,1,5999
1636,14,2,2099
1637,26,1,2399
1638,28,2,2199
1638,57,3,1299
1639,60,2,1649
1640,36,1,1999
1640,6,1,1999
1641,29,2,2299
1641,34,1,2199
1642,3,3,5999
1642,30,2,2299
1642,33,2,1999
1643,30,2,2299
1643,28,2,2199
1644,21,2,2299
1644,18,1,1999
1645,29,1,2299
1646,42,2,2299
1646,5,1,2499
1647,54,3,1499
1647,33,3,1999
1648,6,1,1999
1648,51,1,2799
1648,18,1,1999
1649,24,1,2999
1650,13,2,3599
1650,22,2,3499
1650,44,2,1899
1651,53,2,2499
1651,50,1,2199
1651,44,3,1899
1652,9,3,1999
1652,55,3,1799
1652,49,3,1749
1653,1,2,7499
1653,50,2,2199
1654,51,2,2799
1654,26,3,2399
1655,1,3,7499
1655,31,1,2599
1655,42,2,2299
1656,15,3,9999
1657,14,3,2099
1657,31,3,2599
1657,15,3,9999
1658,47,2,1799
1658,53,2,2499
1659,21,1,2299
1660,50,2,2199
1660,45,1,1999
1661,29,3,2299
1661,55,1,1799
1662,9,1,1999
1662,37,2,2899
1663,1,3,7499
1663,32,2,2099
1663,52,2,1349
1664,27,2,2799
1665,49,3,1749
1665,26,3,2399
1665,50,2,2199
1666,38,3,1999
1666,2,1,8999
1667,10,2,2299
1668,41,3,1699
1668,52,3,1349
1668,39,2,2099
1669,14,1,2099
1669,26,3,2399
1670,13,1,3599
1670,31,2,2599
1671,29,2,2299
1671,41,1,1699
1671,58,1,1749
1672,44,3,1899
1673,3,3,5999
1674,32,1,2099
1674,2,1,8999
1674,12,2,2799
1675,14,2,2099
1675,15,3,9999
1676,5,2,2499
1676,30,3,2299
1676,4,1,3999
1677,21,2,2299
1678,11,1,4499
1678,8,3,3299
1679,31,1,2599
1679,48,2,1449
1680,9,1,1999
1681,28,3,2199
1681,53,3,2499
1682,11,3,4499
1682,39,2,2099
1683,13,3,3599
1683,33,2,1999
1683,46,2,3999
1684,1,1,7499
1685,5,2,2499
1685,53,3,2499
1686,34,2,2199
1687,57,2,1299
1687,32,3,2099
1687,30,1,2299
1688,6,2,1999
1688,19,2,2199
1688,42,3,2299
1689,51,3,2799
1689,20,1,2199
1689,26,2,2399
1690,12,3,2799
1691,28,3,2199
1691,30,1,2299
1691,25,3,1999
1692,7,1,2699
1692,26,1,2399
1692,45,1,1999
1693,57,3,1299
1693,41,2,1699
1694,59,3,1899
1694,5,3,2499
1694,45,1,1999
1695,27,3,2799
1695,49,1,1749
1696,5,1,2499
1696,49,3,1749
1697,27,1,2799
1697,29,2,2299
1698,33,1,1999
1699,2,3,8999
1699,5,3,2499
1700,48,2,1449
1700,30,3,2299
1700,25,2,1999
1701,26,1,2399
1702,17,1,5299
1703,59,3,1899
1703,9,3,1999
1703,21,2,2299
1704,30,1,2299
1704,5,3,2499
1705,16,1,2599
1705,46,2,3999
1705,29,2,2299
1706,11,1,4499
1707,7,1,2699
1707,12,3,2799
1707,19,3,2199
1708,11,3,4499
1708,5,1,2499
1709,18,2,1999
1709,10,1,2299
1709,29,1,2299
1710,3,3,5999
1710,58,1,1749
1710,44,2,1899
1711,4,3,3999
1711,54,3,1499
1711,41,3,1699
1712,43,2,1999
1712,58,3,1749
1712,7,2,2699
1713,4,1,3999
1713,39,1,2099
1714,50,1,2199
1714,13,2,3599
1715,13,1,3599
1716,27,1,2799
1717,22,1,3499
1718,43,1,1999
1718,5,3,2499
1718,15,1,9999
1719,11,3,4499
1719,3,1,5999
1719,27,2,2799
1720,36,1,1999
1720,41,3,1699
1721,60,3,1649
1722,28,1,2199
1722,8,1,3299
1723,23,2,1999
1724,1,2,7499
1725,21,1,2299
1725,1,2,7499
1725,25,1,1999
1726,43,2,1999
1727,40,1,1999
1727,24,1,2999
1727,3,2,5999
1728,50,2,2199
1728,39,1,2099
1729,35,3,2699
1729,51,1,2799
1729,60,2,1649
1730,39,2,2099
1731,45,3,1999
1731,25,1,1999
1731,44,2,1899
1732,41,3,1699
1733,55,2,1799
1733,43,1,1999
1734,2,3,8999
1734,39,2,2099
1735,33,3,1999
1735,41,1,1699
1736,38,1,1999
1736,46,1,3999
1736,1,3,7499
1737,20,1,2199
1738,28,3,2199
1738,49,1,1749
1738,16,1,2599
1739,24,2,2999
1740,13,2,3599
1740,10,1,2299
1741,3,3,5999
1741,16,3,2599
1741,60,2,1649
1742,57,2,1299
1742,22,2,3499
1742,9,3,1999
1743,34,2,2199
1744,53,1,2499
1744,19,1,2199
1744,49,3,1749
1745,22,1,3499
1745,16,3,2599
1746,59,3,1899
1747,52,3,1349
1748,47,2,1799
1748,15,3,9999
1748,39,2,2099
1749,29,3,2299
1750,5,2,2499
1751,13,1,3599
1752,10,1,2299
1752,14,1,2099
1752,9,3,1999
1753,54,1,1499
1753,51,1,2799
1753,60,3,1649
1754,28,3,2199
1755,20,3,2199
1755,11,1,4499
1756,28,1,2199
1757,16,3,2599
1757,20,2,2199
1757,19,3,2199
1758,18,2,1999
1759,24,2,2999
1760,11,2,4499
1760,31,2,2599
1761,40,1,1999
1761,48,2,1449
1761,28,1,2199
1762,28,1,2199
1762,55,2,1799
1763,35,3,2699
1763,10,1,2299
1763,36,2,1999
1764,30,2,2299
1764,20,2,2199
1765,36,2,1999
1765,39,1,2099
1766,9,2,1999
1766,46,1,3999
1767,59,1,1899
1768,1,3,7499
1769,47,2,1799
1769,24,2,2999
1769,32,2,2099
1770,24,2,2999
1770,25,3,1999
1770,32,3,2099
1771,27,1,2799
1772,25,3,1999
1773,13,2,3599
1774,50,3,2199
1774,59,2,1899
1775,46,3,3999
1775,32,2,2099
1775,41,3,1699
1776,42,2,2299
1777,48,1,1449
1777,16,2,2599
1778,59,2,1899
1779,46,3,3999
1779,44,3,1899
1779,2,3,8999
1780,17,3,5299
1781,44,2,1899
1781,10,1,2299
1782,38,1,1999
1782,43,1,1999
1782,54,1,1499
1783,42,3,2299
1784,26,3,2399
1784,46,1,3999
1785,59,2,1899
1785,13,1,3599
1785,57,2,1299
1786,45,3,1999
1786,20,3,2199
1787,57,2,1299
1787,25,3,1999
1787,38,2,1999
1788,56,3,1549
1788,6,3,1999
1788,7,2,2699
1789,18,3,1999
1790,60,3,1649
1791,45,1,1999
1791,20,1,2199
1792,1,1,7499
1792,7,3,2699
1793,34,3,2199
1793,27,2,2799
1794,28,2,2199
1794,11,1,4499
1794,12,3,2799
1795,13,2,3599
1796,33,1,1999
1797,37,1,2899
1797,53,1,2499
1798,4,3,3999
1799,52,1,1349
1800,58,2,1749
1800,56,2,1549
1801,59,3,1899
1801,40,1,1999
1801,7,1,2699
1802,6,1,1999
1802,25,2,1999
1803,22,1,3499
1804,16,3,2599
1804,31,1,2599
1804,32,1,2099
1805,18,1,1999
1806,38,1,1999
1806,51,1,2799
1806,3,3,5999
1807,25,3,1999
1808,49,2,1749
1808,18,2,1999
1808,60,2,1649
1809,28,3,2199
1809,22,2,3499
1809,24,2,2999
1810,24,3,2999
1811,25,1,1999
1811,40,2,1999
1812,52,1,1349
1812,7,2,2699
1813,26,1,2399
1813,47,1,1799
1813,54,3,1499
1814,56,3,1549
1815,45,1,1999
1815,49,2,1749
1816,40,3,1999
1816,44,2,1899
1817,27,1,2799
1817,43,3,1999
1817,13,2,3599
1818,41,2,1699
1819,52,3,1349
1820,44,1,1899
1820,29,3,2299
1821,26,3,2399
1821,48,1,1449
1822,28,2,2199
1822,60,3,1649
1823,58,2,1749
1823,7,2,2699
1823,47,3,1799
1824,46,1,3999
1825,57,3,1299
1825,37,3,2899
1825,51,1,2799
1826,32,1,2099
1827,54,3,1499
1827,44,2,1899
1828,58,2,1749
1829,31,3,2599
1830,16,3,2599
1830,14,3,2099
1830,11,1,4499
1831,28,3,2199
1832,11,2,4499
1833,50,1,2199
1833,18,3,1999
1834,43,3,1999
1834,31,1,2599
1835,9,3,1999
1835,60,3,1649
1835,35,2,2699
1836,51,3,2799
1837,56,3,1549
1837,15,3,9999
1838,42,2,2299
1839,59,3,1899
1839,46,3,3999
1840,25,3,1999
1840,42,2,2299
1840,51,1,2799
1841,17,1,5299
1842,6,1,1999
1842,8,2,3299
1843,38,3,1999
1843,60,1,1649
1843,13,3,3599
1844,9,2,1999
1844,55,2,1799
1845,48,1,1449
1845,1,3,7499
1845,20,3,2199
1846,55,2,1799
1847,21,2,2299
1847,50,3,2199
1848,34,3,2199
1849,38,2,1999
1849,15,1,9999
1849,7,3,2699
1850,21,2,2299
1850,10,1,2299
1851,44,1,1899
1851,30,3,2299
1852,10,3,2299
1852,48,3,1449
1853,39,2,2099
1854,33,1,1999
1854,45,2,1999
1855,37,1,2899
1855,31,2,2599
1855,41,2,1699
1856,25,2,1999
1856,4,1,3999
1856,52,3,1349
1857,55,3,1799
1858,45,3,1999
1859,60,1,1649
1860,47,2,1799
1860,26,3,2399
1861,2,3,8999
1862,22,3,3499
1862,28,2,2199
1863,49,2,1749
1863,26,1,2399
1864,47,1,1799
1864,19,3,2199
1864,45,3,1999
1865,7,2,2699
1865,9,3,1999
1866,55,3,1799
1867,30,1,2299
1867,42,3,2299
1868,29,3,2299
1869,19,1,2199
1869,58,1,1749
1870,52,3,1349
1871,48,3,1449
1872,24,3,2999
1873,7,1,2699
1873,44,2,1899
1873,51,2,2799
1874,54,1,1499
1874,11,1,4499
1874,60,2,1649
1875,12,1,2799
1875,4,3,3999
1876,22,1,3499
1876,38,3,1999
1876,28,3,2199
1877,16,1,2599
1877,3,1,5999
1878,32,3,2099
1878,20,3,2199
1879,42,3,2299
1880,50,3,2199
1880,45,3,1999
1881,50,2,2199
1882,25,3,1999
1882,18,2,1999
1882,41,2,1699
1883,8,1,3299
1884,8,2,3299
1885,43,1,1999
1885,59,1,1899
1885,33,3,1999
1886,37,3,2899
1886,31,3,2599
1886,18,1,1999
1887,12,3,2799
1887,25,3,1999
1887,31,2,2599
1888,37,1,2899
1888,9,2,1999
1889,46,3,3999
1890,26,3,2399
1891,26,3,2399
1892,51,2,2799
1892,52,1,1349
1892,34,3,2199
1893,35,3,2699
1893,46,1,3999
1893,53,1,2499
1894,58,3,1749
1894,8,3,3299
1894,12,1,2799
1895,36,2,1999
1896,8,1,3299
1896,3,3,5999
1897,42,1,2299
1898,36,2,1999
1899,6,1,1999
1900,20,1,2199
1900,24,2,2999
1900,35,3,2699
1901,16,2,2599
1902,34,2,2199
1903,35,3,2699
1903,29,2,2299
1903,9,3,1999
1904,34,2,2199
1904,59,3,1899
1905,33,1,1999
1905,14,3,2099
1905,45,1,1999
1906,3,1,5999
1907,20,1,2199
1908,39,3,2099
1909,38,2,1999
1910,9,3,1999
1910,47,2,1799
1911,36,2,1999
1912,25,1,1999
1912,42,2,2299
1913,6,3,1999
1913,17,2,5299
1914,10,1,2299
1914,35,3,2699
1914,14,3,2099
1915,41,3,1699
1915,45,1,1999
1916,24,3,2999
1916,37,3,2899
1916,43,3,1999
1917,27,1,2799
1918,51,2,2799
1918,28,1,2199
1919,16,1,2599
1919,5,3,2499
1919,18,1,1999
1920,36,2,1999
1920,27,3,2799
1920,5,1,2499
1921,59,2,1899
1921,22,1,3499
1922,18,1,1999
1923,25,1,1999
1924,7,1,2699
1924,51,1,2799
1925,47,3,1799
1925,57,2,1299
1925,20,1,2199
1926,23,2,1999
1926,45,3,1999
1926,37,2,2899
1927,7,1,2699
1927,58,2,1749
1927,4,2,3999
1928,23,3,1999
1929,51,3,2799
1929,35,2,2699
1929,36,2,1999
1930,9,3,1999
1930,17,3,5299
1930,1,3,7499
1931,43,1,1999
1932,25,3,1999
1933,18,3,1999
1933,4,3,3999
1933,59,2,1899
1934,50,3,2199
1934,16,2,2599
1934,44,3,1899
1935,12,2,2799
1935,29,2,2299
1936,19,3,2199
1936,18,3,1999
1936,28,1,2199
1937,41,1,1699
1937,55,2,1799
1938,50,1,2199
1938,21,3,2299
1939,5,3,2499
1940,6,1,1999
1941,4,2,3999
1941,6,3,1999
1941,48,2,1449
1942,28,3,2199
1943,60,2,1649
1943,47,2,1799
1943,9,3,1999
1944,44,3,1899
1944,57,1,1299
1944,35,2,2699
1945,40,1,1999
1946,1,3,7499
1946,46,3,3999
1946,28,3,2199
1947,16,3,2599
1947,48,3,1449
1948,39,1,2099
1948,3,3,5999
1948,29,3,2299
1949,12,1,2799
1950,54,3,1499
1950,9,2,1999
1951,28,2,2199
1952,11,1,4499
1952,24,2,2999
1953,16,1,2599
1953,54,2,1499
1953,35,2,2699
1954,19,1,2199
1954,17,1,5299
1955,41,1,1699
1955,37,2,2899
1955,26,3,2399
1956,53,2,2499
1956,58,3,1749
1956,3,2,5999
1957,23,1,1999
1958,30,2,2299
1958,22,1,3499
1958,20,1,2199
1959,57,1,1299
1959,47,2,1799
1960,1,2,7499
1960,7,2,2699
1961,6,3,1999
1962,58,1,1749
1962,10,2,2299
1962,27,1,2799
1963,50,3,2199
1964,15,2,9999
1964,31,2,2599
1965,24,1,2999
1965,28,3,2199
1966,7,3,2699
1966,29,2,2299
1967,9,2,1999
1968,28,3,2199
1968,1,1,7499
1968,23,1,1999
1969,19,1,2199
1970,26,2,2399
1971,22,1,3499
1971,58,3,1749
1971,3,1,5999
1972,43,1,1999
1972,18,2,1999
1973,36,3,1999
1973,32,3,2099
1974,21,2,2299
1975,47,2,1799
1975,60,1,1649
1975,48,1,1449
1976,51,1,2799
1977,10,2,2299
1978,1,1,7499
1978,50,1,2199
1978,44,3,1899
1979,28,3,2199
1979,39,1,2099
1980,31,2,2599
1980,19,2,2199
1981,49,2,1749
1982,40,1,1999
1983,33,2,1999
1983,12,1,2799
1983,16,2,2599
1984,16,2,2599
1984,43,1,1999
1984,53,2,2499
1985,51,3,2799
1985,52,3,1349
1985,7,3,2699
1986,12,3,2799
1986,13,3,3599
1986,55,3,1799
1987,15,1,9999
1988,26,1,2399
1989,13,1,3599
1989,60,2,1649
1990,40,1,1999
1991,56,1,1549
1992,27,2,2799
1992,34,3,2199
1993,15,2,9999
1993,22,1,3499
1993,28,3,2199
1994,42,2,2299
1994,4,1,3999
1995,24,2,2999
1995,18,3,1999
1996,16,1,2599
1996,21,1,2299
1997,1,1,7499
1998,48,2,1449
1998,21,2,2299
1998,14,2,2099
1999,7,2,2699
1999,28,2,2199
1999,12,2,2799
2000,20,1,2199
2000,8,3,3299
